{
  "session_id": "recording_20260322_100958",
  "start_time": 1774145398.7828832,
  "end_time": 1774145401.793628,
  "duration": 3.01,
  "frame_count": 0,
  "file_path": "recordings/recording_20260322_100958.mp4",
  "keyframes": [],
  "events": []
}