{
  "session_id": "recording_20260321_225714",
  "start_time": 1774105034.7372491,
  "end_time": 1774105035.743383,
  "duration": 1.01,
  "frame_count": 0,
  "file_path": "recordings/recording_20260321_225714.mp4",
  "keyframes": [],
  "events": []
}