{
  "session_id": "recording_20260321_225711",
  "start_time": 1774105031.436641,
  "end_time": 1774105034.447216,
  "duration": 3.01,
  "frame_count": 0,
  "file_path": "recordings/recording_20260321_225711.mp4",
  "keyframes": [],
  "events": []
}